host,ip,port
23.243.81.46:8000,23.243.81.46,8000
167.148.203.4:8000,167.148.203.4,8000
64.81.113.63:8000,64.81.113.63,8000
154.94.233.167:8000,154.94.233.167,8000
154.64.235.128:8000,154.64.235.128,8000
72.249.203.215:8000,72.249.203.215,8000
38.55.134.105:8000,38.55.134.105,8000
38.55.134.103:8000,38.55.134.103,8000
157.254.53.10:8000,157.254.53.10,8000
104.168.77.126:8000,104.168.77.126,8000
99.191.233.77:8000,99.191.233.77,8000
38.55.134.65:8000,38.55.134.65,8000
149.88.66.163:8000,149.88.66.163,8000
204.152.194.25:8000,204.152.194.25,8000
71.89.78.163:8000,71.89.78.163,8000
38.175.194.209:8000,38.175.194.209,8000
167.148.203.207:8000,167.148.203.207,8000
47.86.188.212:10000,47.86.188.212,10000
23.19.231.142:8000,23.19.231.142,8000
155.103.66.93:8000,155.103.66.93,8000
43.153.57.222:8000,43.153.57.222,8000
193.29.62.187:5000,193.29.62.187,5000
38.55.122.114:8000,38.55.122.114,8000
38.55.122.210:8000,38.55.122.210,8000
192.3.233.113:5000,192.3.233.113,5000
205.185.120.229:8000,205.185.120.229,8000
192.210.217.161:5000,192.210.217.161,5000
38.175.202.32:8000,38.175.202.32,8000
38.175.202.54:8000,38.175.202.54,8000
142.171.127.250:5000,142.171.127.250,5000
https://192.210.217.161:5001,192.210.217.161,5001
45.45.216.97:8000,45.45.216.97,8000
16.184.15.70:5005,16.184.15.70,5005
47.86.50.107:3333,47.86.50.107,3333
15.204.10.71:8000,15.204.10.71,8000
209.74.82.65:8000,209.74.82.65,8000
64.112.41.139:8080,64.112.41.139,8080
192.227.220.80:8000,192.227.220.80,8000
76.184.231.209:8000,76.184.231.209,8000
47.81.36.247:8000,47.81.36.247,8000
107.174.52.93:8000,107.174.52.93,8000
193.29.62.187:8000,193.29.62.187,8000
47.184.51.251:8000,47.184.51.251,8000
185.197.30.246:8000,185.197.30.246,8000
104.221.130.58:8000,104.221.130.58,8000
134.195.88.51:8000,134.195.88.51,8000
104.233.169.182:8000,104.233.169.182,8000
162.248.4.122:8000,162.248.4.122,8000
38.175.200.80:8000,38.175.200.80,8000
192.210.133.213:8000,192.210.133.213,8000
155.103.67.28:8000,155.103.67.28,8000
155.103.67.76:8000,155.103.67.76,8000
https://154.21.194.78:5001,154.21.194.78,5001
23.82.99.211:8000,23.82.99.211,8000
154.94.238.147:8000,154.94.238.147,8000
155.117.188.46:8000,155.117.188.46,8000
156.233.233.153:8000,156.233.233.153,8000
155.117.82.214:8000,155.117.82.214,8000
148.135.56.108:8000,148.135.56.108,8000
143.20.149.219:8000,143.20.149.219,8000
75.74.208.198:8000,75.74.208.198,8000
75.127.12.112:5001,75.127.12.112,5001
104.233.216.123:8000,104.233.216.123,8000
137.175.19.236:8000,137.175.19.236,8000
69.30.252.211:8000,69.30.252.211,8000
107.175.228.96:8000,107.175.228.96,8000
192.3.139.16:8000,192.3.139.16,8000
104.223.5.80:8000,104.223.5.80,8000
98.53.201.199:8000,98.53.201.199,8000
https://193.29.62.187:5001,193.29.62.187,5001
154.9.235.119:8000,154.9.235.119,8000
154.37.222.186:8000,154.37.222.186,8000
107.148.21.194:8000,107.148.21.194,8000
43.135.143.82:8000,43.135.143.82,8000
24.233.2.54:8000,24.233.2.54,8000
166.88.98.22:5000,166.88.98.22,5000
161.153.16.161:5000,161.153.16.161,5000
96.9.213.38:8000,96.9.213.38,8000
96.9.213.136:8000,96.9.213.136,8000
107.191.112.90:8000,107.191.112.90,8000
143.20.156.118:8000,143.20.156.118,8000
47.79.93.131:8000,47.79.93.131,8000
154.17.237.115:5000,154.17.237.115,5000
192.3.86.150:8000,192.3.86.150,8000
107.174.53.116:5000,107.174.53.116,5000
198.12.120.205:20000,198.12.120.205,20000
206.237.7.97:10000,206.237.7.97,10000
https://206.237.8.242:8443,206.237.8.242,8443
154.17.24.57:10001,154.17.24.57,10001
148.135.56.108:9999,148.135.56.108,9999
192.229.99.45:10001,192.229.99.45,10001
38.76.195.39:10001,38.76.195.39,10001
https://104.168.77.126:8001,104.168.77.126,8001
109.107.140.77:54321,109.107.140.77,54321
https://129.146.8.65:8001,129.146.8.65,8001
https://38.14.249.183:8001,38.14.249.183,8001
https://155.248.198.57:8443,155.248.198.57,8443
198.12.120.149:18080,198.12.120.149,18080
https://198.46.160.254:8001,198.46.160.254,8001
https://204.13.238.138:8001,204.13.238.138,8001
